,tweet_text,tweet_id,tweet_created_at,tweet_public_metrics,tweet_in_reply_to_user_id,tweet_conversation_id,tweet_lang,tweet_context_annotations,author_id,author_name,author_username,author_created_at,author_description,author_entities,author_location,author_is_protected,author_is_verified,author_profile_image_url,author_public_metrics,media_key,media_type,media_duration_ms,media_height,media_width,media_preview_image_url,media_alt_text,media_view_count
0,"H√° 154 anos,Caxias desembainhou a espada e liderou: ‚ÄúSigam-me os que forem brasileiros‚Äù.E a passagem do rio Itoror√≥ foi decidida,depois de cinco tentativas.Ele,com 65 anos, despertou o brio brasileiro,abriu caminho para a derrocada um ditador. https://t.co/B5dfoKAB6G via @YouTube",1600301409400160258,2022-12-07 01:29:22,"{'retweet_count': 713, 'reply_count': 109, 'like_count': 4207, 'quote_count': 29}",,1600301409400160258,pt,"[{'domain': {'id': '10', 'name': 'Person', 'description': 'Named people in the world like Nelson Mandela'}, 'entity': {'id': '1145826630587170816', 'name': 'Alexandre Garcia'}}, {'domain': {'id': '94', 'name': 'Journalist', 'description': ""A journalist like 'Anderson Cooper'""}, 'entity': {'id': '1145826630587170816', 'name': 'Alexandre Garcia'}}, {'domain': {'id': '131', 'name': 'Unified Twitter Taxonomy', 'description': 'A taxonomy of user interests. '}, 'entity': {'id': '1046545033657081857', 'name': 'News', 'description': 'News'}}, {'domain': {'id': '131', 'name': 'Unified Twitter Taxonomy', 'description': 'A taxonomy of user interests. '}, 'entity': {'id': '1074755369530880001', 'name': 'Journalists', 'description': 'Journalism'}}, {'domain': {'id': '131', 'name': 'Unified Twitter Taxonomy', 'description': 'A taxonomy of user interests. '}, 'entity': {'id': '1145826630587170816', 'name': 'Alexandre Garcia'}}, {'domain': {'id': '156', 'name': 'Cities', 'description': 'Cities around the world'}, 'entity': {'id': '856874922328473600', 'name': 'Rio de Janeiro', 'description': 'Rio de Janeiro'}}]",727130698021261313,Alexandre Garcia,alexandregarcia,2016-05-02 13:40:42,"Jornalista. Comentarista no Canal Rural, na JPNews, em 38 jornais e 300 r√°dios. Instagram 1,9M; Youtuber com mais de 2,4M.","{'url': {'urls': [{'start': 0, 'end': 23, 'url': 'https://t.co/Ua056GSJZk', 'expanded_url': 'http://youtube.com/AlexandreGarciaOficial', 'display_url': 'youtube.com/AlexandreGarci‚Ä¶'}]}}",,False,True,https://pbs.twimg.com/profile_images/1108157136016719872/ZPYGgWD9_normal.png,"{'followers_count': 4018177, 'following_count': 521, 'tweet_count': 6781, 'listed_count': 2777}",,,,,,,,
1,"Neste momento em que autoridades judici√°rias atentam contra a democracia brasileira √© muito bom voltar a Curitiba, capital honor√°ria da justi√ßa nacional - onde o pa√≠s voltou a acreditar na vit√≥ria sobre o crime. Espero voc√™s na quinta-feira. Obrigado https://t.co/OMN5wE0qCw https://t.co/Et7BaUjaqN",1600283361259319296,2022-12-07 00:17:39,"{'retweet_count': 731, 'reply_count': 137, 'like_count': 5489, 'quote_count': 17}",,1600283361259319296,pt,[],2804949532,Guilherme Fiuza,GFiuza_Oficial,2014-10-04 13:20:53,,,,False,False,https://pbs.twimg.com/profile_images/1590076321253666816/uTIRir1n_normal.jpg,"{'followers_count': 1856400, 'following_count': 1117, 'tweet_count': 12828, 'listed_count': 1954}",3_1600283356809363457,,,1136.0,640.0,,,
2,"@raphapadua ü§∑üèª‚Äç‚ôÄÔ∏è A conversa estava interessante para uma advogada. Acabou por aqui, mas segue em outro lugar. :) Alessandra M. https://t.co/M0F6YmuAVQ",1600205614784708609,2022-12-06 19:08:43,"{'retweet_count': 0, 'reply_count': 0, 'like_count': 9, 'quote_count': 0}",84076180.0,1600191550289375232,pt,[],84076180,Ana Paula Henkel,AnaPaulaVolei,2009-10-21 13:05:27,"Brazilianüáßüá∑.Former Pro-volleyball. 4 Olympics, Olympic Medalist. Americanüá∫üá∏. IntArchitect/Poli Sci/UCLA. Sports & Politics Columnist. Revista Oeste.",,"Los Angeles, CA",False,True,https://pbs.twimg.com/profile_images/1593106467925544965/Y1M9Igwv_normal.jpg,"{'followers_count': 1917302, 'following_count': 814, 'tweet_count': 57493, 'listed_count': 1865}",3_1600205611437740035,,,1610.0,1242.0,,,
3,"@raphapadua Somos advogados, Raphael. Nosso trabalho √© ‚Äúperder tempo‚Äù com pessoas como voc√™. Somos pagos para isso, pessoas como voc√™ pagam nossas contas. :) Alessandra M.",1600202108808007680,2022-12-06 18:54:47,"{'retweet_count': 0, 'reply_count': 1, 'like_count': 15, 'quote_count': 0}",242774416.0,1600191550289375232,pt,[],84076180,Ana Paula Henkel,AnaPaulaVolei,2009-10-21 13:05:27,"Brazilianüáßüá∑.Former Pro-volleyball. 4 Olympics, Olympic Medalist. Americanüá∫üá∏. IntArchitect/Poli Sci/UCLA. Sports & Politics Columnist. Revista Oeste.",,"Los Angeles, CA",False,True,https://pbs.twimg.com/profile_images/1593106467925544965/Y1M9Igwv_normal.jpg,"{'followers_count': 1917302, 'following_count': 814, 'tweet_count': 57493, 'listed_count': 1865}",,,,,,,,
4,"@raphapadua Raphael, aqui √© Alessandra, advogada da Ana. J√° estamos com os prints e tamb√©m j√° achamos o endere√ßo da sua empresa. Seus tu√≠tes ser√£o encaminhados √† nossa equipe para um processo contra a honra, intimida√ß√£o e amea√ßa f√≠sica. N√£o se preocupe em apag√°-los, est√£o salvos em arquivo. https://t.co/pigMKQKdQ3",1600200072633126914,2022-12-06 18:46:42,"{'retweet_count': 0, 'reply_count': 1, 'like_count': 12, 'quote_count': 0}",242774416.0,1600191550289375232,pt,"[{'domain': {'id': '30', 'name': 'Entities [Entity Service]', 'description': 'Entity Service top level domain, every item that is in Entity Service should be in this domain'}, 'entity': {'id': '781974596752842752', 'name': 'Services'}}, {'domain': {'id': '47', 'name': 'Brand', 'description': 'Brands and Companies'}, 'entity': {'id': '10045225402', 'name': 'Twitter'}}]",84076180,Ana Paula Henkel,AnaPaulaVolei,2009-10-21 13:05:27,"Brazilianüáßüá∑.Former Pro-volleyball. 4 Olympics, Olympic Medalist. Americanüá∫üá∏. IntArchitect/Poli Sci/UCLA. Sports & Politics Columnist. Revista Oeste.",,"Los Angeles, CA",False,True,https://pbs.twimg.com/profile_images/1593106467925544965/Y1M9Igwv_normal.jpg,"{'followers_count': 1917302, 'following_count': 814, 'tweet_count': 57493, 'listed_count': 1865}",3_1600200067356295169,,,2048.0,1238.0,,,
5,@raphapadua Corajoso de teclado. Um cl√°ssico por aqui. Vamos ver at√© onde vai essa coragem de me chamar de fascista ao vivo. J√° achamos seu IP e empresa.,1600198329215770626,2022-12-06 18:39:46,"{'retweet_count': 1, 'reply_count': 2, 'like_count': 13, 'quote_count': 0}",242774416.0,1600191550289375232,pt,[],84076180,Ana Paula Henkel,AnaPaulaVolei,2009-10-21 13:05:27,"Brazilianüáßüá∑.Former Pro-volleyball. 4 Olympics, Olympic Medalist. Americanüá∫üá∏. IntArchitect/Poli Sci/UCLA. Sports & Politics Columnist. Revista Oeste.",,"Los Angeles, CA",False,True,https://pbs.twimg.com/profile_images/1593106467925544965/Y1M9Igwv_normal.jpg,"{'followers_count': 1917302, 'following_count': 814, 'tweet_count': 57493, 'listed_count': 1865}",,,,,,,,
6,@raphapadua ‚ÄúPretas e comunistas‚Äù. Sua falta de respeito com mulheres dignas que sofreram sob um regime nefasto √© inacredit√°vel. Eram obrigadas a ‚Äúdoar‚Äù todo o sal√°rio e premia√ß√£o a um ditador. Muitas foram jogar em pa√≠ses da Europa e nunca mais voltaram. Feche a boca para falar delas.,1600196540311535620,2022-12-06 18:32:40,"{'retweet_count': 15, 'reply_count': 3, 'like_count': 93, 'quote_count': 0}",242774416.0,1600191550289375232,pt,[],84076180,Ana Paula Henkel,AnaPaulaVolei,2009-10-21 13:05:27,"Brazilianüáßüá∑.Former Pro-volleyball. 4 Olympics, Olympic Medalist. Americanüá∫üá∏. IntArchitect/Poli Sci/UCLA. Sports & Politics Columnist. Revista Oeste.",,"Los Angeles, CA",False,True,https://pbs.twimg.com/profile_images/1593106467925544965/Y1M9Igwv_normal.jpg,"{'followers_count': 1917302, 'following_count': 814, 'tweet_count': 57493, 'listed_count': 1865}",,,,,,,,
7,"O esporte √© espetacular! Grandes caem, ‚Äúunderdogs‚Äù triunfam, sorte e trabalho podem derrotar trabalho e arrog√¢ncia. O esporte traz a uni√£o e respeito entre povos, escolhas pol√≠ticas, sexuais ou religiosas. √â muito triste quando politizam e diminuem o real esp√≠rito do esporte. https://t.co/GdiNCXpS1S",1600191550289375232,2022-12-06 18:12:50,"{'retweet_count': 375, 'reply_count': 59, 'like_count': 5540, 'quote_count': 6}",,1600191550289375232,pt,[],84076180,Ana Paula Henkel,AnaPaulaVolei,2009-10-21 13:05:27,"Brazilianüáßüá∑.Former Pro-volleyball. 4 Olympics, Olympic Medalist. Americanüá∫üá∏. IntArchitect/Poli Sci/UCLA. Sports & Politics Columnist. Revista Oeste.",,"Los Angeles, CA",False,True,https://pbs.twimg.com/profile_images/1593106467925544965/Y1M9Igwv_normal.jpg,"{'followers_count': 1917302, 'following_count': 814, 'tweet_count': 57493, 'listed_count': 1865}",3_1600191547810512896,,,413.0,620.0,,,
8,"Em tempos de tanta incerteza, mto cuidado com quem prega divis√£o entre quem est√° do mesmo lado. N√£o fique cego diante de diverg√™ncias pontuais. A situa√ß√£o √© grave e precisamos de todos.üáßüá∑

""A pessoa que concorda com voc√™ 80% do tempo √© um amigo e um aliado - n√£o 20% um traidor."" https://t.co/k4l6w0KtZ7",1600165278788202496,2022-12-06 16:28:26,"{'retweet_count': 1477, 'reply_count': 139, 'like_count': 7886, 'quote_count': 51}",,1600165278788202496,pt,[],84076180,Ana Paula Henkel,AnaPaulaVolei,2009-10-21 13:05:27,"Brazilianüáßüá∑.Former Pro-volleyball. 4 Olympics, Olympic Medalist. Americanüá∫üá∏. IntArchitect/Poli Sci/UCLA. Sports & Politics Columnist. Revista Oeste.",,"Los Angeles, CA",False,True,https://pbs.twimg.com/profile_images/1593106467925544965/Y1M9Igwv_normal.jpg,"{'followers_count': 1917302, 'following_count': 814, 'tweet_count': 57493, 'listed_count': 1865}",3_1600165276154155011,,,345.0,824.0,,,
9,"Checagem b√°sica de dignidade:
1. Voc√™ n√£o vai deixar esses pilantras levarem o que √© seu na m√£o grande.
2. Voc√™ √© a maioria esmagadora e esses tiranetes n√£o podem tombar milh√µes.
3. N√£o vale a pena viver como escravo de meia-d√∫zia de s√°dicos.
4. Voc√™ d√° a vida pela sua liberdade.",1600152718986776578,2022-12-06 15:38:32,"{'retweet_count': 10291, 'reply_count': 1329, 'like_count': 43720, 'quote_count': 425}",,1600152718986776578,pt,[],2804949532,Guilherme Fiuza,GFiuza_Oficial,2014-10-04 13:20:53,,,,False,False,https://pbs.twimg.com/profile_images/1590076321253666816/uTIRir1n_normal.jpg,"{'followers_count': 1856400, 'following_count': 1117, 'tweet_count': 12828, 'listed_count': 1954}",,,,,,,,
10,@MarcioBenaci Est√°vamos em manuten√ß√£o esses dias. Vou pedir para algu√©m ver o que aconteceu. @revistaoeste,1599913052602011648,2022-12-05 23:46:11,"{'retweet_count': 9, 'reply_count': 6, 'like_count': 188, 'quote_count': 2}",558989720.0,1599910579422253058,pt,[],84076180,Ana Paula Henkel,AnaPaulaVolei,2009-10-21 13:05:27,"Brazilianüáßüá∑.Former Pro-volleyball. 4 Olympics, Olympic Medalist. Americanüá∫üá∏. IntArchitect/Poli Sci/UCLA. Sports & Politics Columnist. Revista Oeste.",,"Los Angeles, CA",False,True,https://pbs.twimg.com/profile_images/1593106467925544965/Y1M9Igwv_normal.jpg,"{'followers_count': 1917302, 'following_count': 814, 'tweet_count': 57493, 'listed_count': 1865}",,,,,,,,
11,Atingimos hoje - em apenas 9 programas - a marca de 1 milh√£o de inscritos em nosso canal.‚ù§Ô∏è O Oeste SEM FILTRO s√≥ existe pq voc√™s existem e fazem o programa com a gente. Muito obrigada! Vcs s√£o absolutamente incr√≠veis! üôèüíöüáßüá∑ https://t.co/YDlTqouaLY,1599910579422253058,2022-12-05 23:36:21,"{'retweet_count': 6767, 'reply_count': 1306, 'like_count': 53019, 'quote_count': 184}",,1599910579422253058,pt,[],84076180,Ana Paula Henkel,AnaPaulaVolei,2009-10-21 13:05:27,"Brazilianüáßüá∑.Former Pro-volleyball. 4 Olympics, Olympic Medalist. Americanüá∫üá∏. IntArchitect/Poli Sci/UCLA. Sports & Politics Columnist. Revista Oeste.",,"Los Angeles, CA",False,True,https://pbs.twimg.com/profile_images/1593106467925544965/Y1M9Igwv_normal.jpg,"{'followers_count': 1917302, 'following_count': 814, 'tweet_count': 57493, 'listed_count': 1865}",7_1599910463415803904,,45001.0,720.0,1280.0,https://pbs.twimg.com/ext_tw_video_thumb/1599910463415803904/pu/img/4gbBjb1Fe1AXqRAv.jpg,,337268.0
12,"Querem fechar o Congresso e calar todos os parlamentares que foram ELEITOS para falar em nome do povo. Bloquear as redes sociais de representantes √© o mesmo que demolir o exerc√≠cio da representa√ß√£o.

A Dep. Bia Kicis estar√° no Oeste Sem Filtro hoje para denunciar mais um abuso! https://t.co/IM91p1EPIj",1599861601162911744,2022-12-05 20:21:44,"{'retweet_count': 8925, 'reply_count': 1482, 'like_count': 38108, 'quote_count': 294}",,1599861601162911744,pt,"[{'domain': {'id': '10', 'name': 'Person', 'description': 'Named people in the world like Nelson Mandela'}, 'entity': {'id': '1400468208809697286', 'name': 'Bia Kicis'}}, {'domain': {'id': '35', 'name': 'Politician', 'description': 'Politicians in the world, like Joe Biden'}, 'entity': {'id': '1400468208809697286', 'name': 'Bia Kicis'}}, {'domain': {'id': '88', 'name': 'Political Body', 'description': 'A section of a government, like The Supreme Court'}, 'entity': {'id': '961705302700654593', 'name': 'United States Congress', 'description': 'United States Congress'}}, {'domain': {'id': '131', 'name': 'Unified Twitter Taxonomy', 'description': 'A taxonomy of user interests. '}, 'entity': {'id': '847878884917886977', 'name': 'Politics', 'description': 'Politics'}}, {'domain': {'id': '131', 'name': 'Unified Twitter Taxonomy', 'description': 'A taxonomy of user interests. '}, 'entity': {'id': '961705302700654593', 'name': 'United States Congress', 'description': 'United States Congress'}}, {'domain': {'id': '131', 'name': 'Unified Twitter Taxonomy', 'description': 'A taxonomy of user interests. '}, 'entity': {'id': '1068583660914266113', 'name': 'Government institutions', 'description': 'Political Body'}}, {'domain': {'id': '131', 'name': 'Unified Twitter Taxonomy', 'description': 'A taxonomy of user interests. '}, 'entity': {'id': '1070032753834438656', 'name': 'Political figures', 'description': 'Politician'}}, {'domain': {'id': '131', 'name': 'Unified Twitter Taxonomy', 'description': 'A taxonomy of user interests. '}, 'entity': {'id': '1400468208809697286', 'name': 'Bia Kicis'}}, {'domain': {'id': '131', 'name': 'Unified Twitter Taxonomy', 'description': 'A taxonomy of user interests. '}, 'entity': {'id': '1455305940291375106', 'name': 'Brazil politics'}}, {'domain': {'id': '131', 'name': 'Unified Twitter Taxonomy', 'description': 'A taxonomy of user interests. '}, 'entity': {'id': '1518653237720625152', 'name': 'Brazil political figures'}}]",84076180,Ana Paula Henkel,AnaPaulaVolei,2009-10-21 13:05:27,"Brazilianüáßüá∑.Former Pro-volleyball. 4 Olympics, Olympic Medalist. Americanüá∫üá∏. IntArchitect/Poli Sci/UCLA. Sports & Politics Columnist. Revista Oeste.",,"Los Angeles, CA",False,True,https://pbs.twimg.com/profile_images/1593106467925544965/Y1M9Igwv_normal.jpg,"{'followers_count': 1917302, 'following_count': 814, 'tweet_count': 57493, 'listed_count': 1865}",7_1599861538776436736,,37103.0,480.0,848.0,https://pbs.twimg.com/ext_tw_video_thumb/1599861538776436736/pu/img/r708BhtF7XEEbfLh.jpg,,228652.0
13,Infelizmente √© preciso fazer o alerta: n√£o tenho nada a ver com esse perfil que pede dinheiro usando meu nome e minha foto. https://t.co/T3adnbx4tT https://t.co/xBGIltqWMj,1599771626077233152,2022-12-05 14:24:12,"{'retweet_count': 3501, 'reply_count': 283, 'like_count': 14331, 'quote_count': 68}",,1599771626077233152,pt,[],2804949532,Guilherme Fiuza,GFiuza_Oficial,2014-10-04 13:20:53,,,,False,False,https://pbs.twimg.com/profile_images/1590076321253666816/uTIRir1n_normal.jpg,"{'followers_count': 1856400, 'following_count': 1117, 'tweet_count': 12828, 'listed_count': 1954}",3_1599771620767309825,,,1280.0,591.0,,,
14,"O TSE foi desmentido pelo Minist√©rio da Defesa sobre inexist√™ncia de fraude na elei√ß√£o, ignorou as irregularidades nas urnas apontadas pelo PL, faltou √† audi√™ncia no Senado q exp√¥s falhas eleitorais graves, endossou parecer do TCU q ocultou essas falhas. O TSE apagou as 4 linhas.",1599717223261646848,2022-12-05 10:48:01,"{'retweet_count': 25594, 'reply_count': 4726, 'like_count': 108144, 'quote_count': 1143}",,1599717223261646848,pt,"[{'domain': {'id': '29', 'name': 'Events [Entity Service]', 'description': 'Real world events. '}, 'entity': {'id': '1411038381841084418', 'name': 'Brazil General Elections 2022', 'description': 'Brazil General Elections 2022 (presidential, gubernatorial, VPS)'}}, {'domain': {'id': '38', 'name': 'Political Race', 'description': ''}, 'entity': {'id': '1411038381841084418', 'name': 'Brazil General Elections 2022', 'description': 'Brazil General Elections 2022 (presidential, gubernatorial, VPS)'}}, {'domain': {'id': '45', 'name': 'Brand Vertical', 'description': 'Top level entities that describe a Brands industry'}, 'entity': {'id': '1461097896170852357', 'name': 'Voting Machines - Government/Education'}}, {'domain': {'id': '88', 'name': 'Political Body', 'description': 'A section of a government, like The Supreme Court'}, 'entity': {'id': '1495810518526808074', 'name': 'Brazilian Superior Electoral Court (TSE)'}}, {'domain': {'id': '131', 'name': 'Unified Twitter Taxonomy', 'description': 'A taxonomy of user interests. '}, 'entity': {'id': '847878884917886977', 'name': 'Politics', 'description': 'Politics'}}, {'domain': {'id': '131', 'name': 'Unified Twitter Taxonomy', 'description': 'A taxonomy of user interests. '}, 'entity': {'id': '1411038381841084418', 'name': 'Brazil General Elections 2022', 'description': 'Brazil General Elections 2022 (presidential, gubernatorial, VPS)'}}, {'domain': {'id': '131', 'name': 'Unified Twitter Taxonomy', 'description': 'A taxonomy of user interests. '}, 'entity': {'id': '1455305940291375106', 'name': 'Brazil politics'}}, {'domain': {'id': '131', 'name': 'Unified Twitter Taxonomy', 'description': 'A taxonomy of user interests. '}, 'entity': {'id': '1461097896170852357', 'name': 'Voting Machines - Government/Education'}}, {'domain': {'id': '131', 'name': 'Unified Twitter Taxonomy', 'description': 'A taxonomy of user interests. '}, 'entity': {'id': '1488973753274929152', 'name': 'Political events'}}, {'domain': {'id': '131', 'name': 'Unified Twitter Taxonomy', 'description': 'A taxonomy of user interests. '}, 'entity': {'id': '1518940800985427968', 'name': 'Brazil political events'}}]",2804949532,Guilherme Fiuza,GFiuza_Oficial,2014-10-04 13:20:53,,,,False,False,https://pbs.twimg.com/profile_images/1590076321253666816/uTIRir1n_normal.jpg,"{'followers_count': 1856400, 'following_count': 1117, 'tweet_count': 12828, 'listed_count': 1954}",,,,,,,,
15,O pai do Randolfe dos chiliques quis homenagear o mocinho de faroeste https://t.co/mM8eC68XKp,1599591583200194560,2022-12-05 02:28:47,"{'retweet_count': 628, 'reply_count': 213, 'like_count': 5764, 'quote_count': 25}",,1599591583200194560,pt,"[{'domain': {'id': '10', 'name': 'Person', 'description': 'Named people in the world like Nelson Mandela'}, 'entity': {'id': '1192483791543009281', 'name': 'Augusto Nunes'}}, {'domain': {'id': '94', 'name': 'Journalist', 'description': ""A journalist like 'Anderson Cooper'""}, 'entity': {'id': '1192483791543009281', 'name': 'Augusto Nunes'}}, {'domain': {'id': '131', 'name': 'Unified Twitter Taxonomy', 'description': 'A taxonomy of user interests. '}, 'entity': {'id': '1074755369530880001', 'name': 'Journalists', 'description': 'Journalism'}}, {'domain': {'id': '131', 'name': 'Unified Twitter Taxonomy', 'description': 'A taxonomy of user interests. '}, 'entity': {'id': '1192483791543009281', 'name': 'Augusto Nunes'}}]",50452226,Augusto Nunes,augustosnunes,2009-06-24 21:47:36,Colunista e comentarista da Revista Oeste e um dos integrantes do programa 4 por 4,"{'url': {'urls': [{'start': 0, 'end': 23, 'url': 'https://t.co/haxOc4I1s8', 'expanded_url': 'https://revistaoeste.com/colunista/augusto-nunes/', 'display_url': 'revistaoeste.com/colunista/augu‚Ä¶'}]}}",Brazil,False,True,https://pbs.twimg.com/profile_images/1198371675441684481/fppz1j3p_normal.jpg,"{'followers_count': 2221524, 'following_count': 766, 'tweet_count': 25427, 'listed_count': 2834}",,,,,,,,
16,"Hoje, a partir das 20h, estarei no @programa4por4 ao lado de Ana Paula Henkel, Ernesto Lacombe e Rodrigo Constantino. At√© j√° https://t.co/8uhJUHl3Aa https://t.co/ASTvI3ZKVL",1599524078716538882,2022-12-04 22:00:32,"{'retweet_count': 545, 'reply_count': 146, 'like_count': 4896, 'quote_count': 13}",,1599524078716538882,pt,"[{'domain': {'id': '10', 'name': 'Person', 'description': 'Named people in the world like Nelson Mandela'}, 'entity': {'id': '1192483791543009281', 'name': 'Augusto Nunes'}}, {'domain': {'id': '94', 'name': 'Journalist', 'description': ""A journalist like 'Anderson Cooper'""}, 'entity': {'id': '1192483791543009281', 'name': 'Augusto Nunes'}}, {'domain': {'id': '131', 'name': 'Unified Twitter Taxonomy', 'description': 'A taxonomy of user interests. '}, 'entity': {'id': '1074755369530880001', 'name': 'Journalists', 'description': 'Journalism'}}, {'domain': {'id': '131', 'name': 'Unified Twitter Taxonomy', 'description': 'A taxonomy of user interests. '}, 'entity': {'id': '1192483791543009281', 'name': 'Augusto Nunes'}}]",50452226,Augusto Nunes,augustosnunes,2009-06-24 21:47:36,Colunista e comentarista da Revista Oeste e um dos integrantes do programa 4 por 4,"{'url': {'urls': [{'start': 0, 'end': 23, 'url': 'https://t.co/haxOc4I1s8', 'expanded_url': 'https://revistaoeste.com/colunista/augusto-nunes/', 'display_url': 'revistaoeste.com/colunista/augu‚Ä¶'}]}}",Brazil,False,True,https://pbs.twimg.com/profile_images/1198371675441684481/fppz1j3p_normal.jpg,"{'followers_count': 2221524, 'following_count': 766, 'tweet_count': 25427, 'listed_count': 2834}",3_1599524074073505793,,,416.0,828.0,,,
17,"Um aviso r√°pido sobre os clones na internet: certo ou errado, quem fala por mim sou eu. Vamos prestar aten√ß√£o, porque confus√£o j√° temos de sobra por a√≠. https://t.co/B6Q2jVSaQC",1599520452161900544,2022-12-04 21:46:08,"{'retweet_count': 10766, 'reply_count': 1066, 'like_count': 59920, 'quote_count': 241}",,1599520452161900544,pt,[],2804949532,Guilherme Fiuza,GFiuza_Oficial,2014-10-04 13:20:53,,,,False,False,https://pbs.twimg.com/profile_images/1590076321253666816/uTIRir1n_normal.jpg,"{'followers_count': 1856400, 'following_count': 1117, 'tweet_count': 12828, 'listed_count': 1954}",7_1599519577653874692,,54723.0,720.0,1280.0,https://pbs.twimg.com/ext_tw_video_thumb/1599519577653874692/pu/img/dDGS642uhH-T3kW3.jpg,,441661.0
18,"O golpe de estado em favor do ladr√£o vai fracassar se voc√™ quiser. Os golpistas amea√ßam todo mundo, mas n√£o t√™m como atropelar milh√µes. Todo dia √© dia 7 de Setembro. N√£o pergunte o que voc√™ tem que fazer. Fa√ßa.",1599392089015320576,2022-12-04 13:16:03,"{'retweet_count': 17832, 'reply_count': 2507, 'like_count': 89053, 'quote_count': 653}",,1599392089015320576,pt,"[{'domain': {'id': '29', 'name': 'Events [Entity Service]', 'description': 'Real world events. '}, 'entity': {'id': '1465741477875576835', 'name': 'Brazilian Independence Day'}}, {'domain': {'id': '119', 'name': 'Holiday', 'description': 'Holidays like Christmas or Halloween'}, 'entity': {'id': '1465741477875576835', 'name': 'Brazilian Independence Day'}}, {'domain': {'id': '131', 'name': 'Unified Twitter Taxonomy', 'description': 'A taxonomy of user interests. '}, 'entity': {'id': '847548225712119808', 'name': 'Holidays', 'description': 'Holidays'}}, {'domain': {'id': '131', 'name': 'Unified Twitter Taxonomy', 'description': 'A taxonomy of user interests. '}, 'entity': {'id': '1436053202835689485', 'name': 'Events'}}, {'domain': {'id': '131', 'name': 'Unified Twitter Taxonomy', 'description': 'A taxonomy of user interests. '}, 'entity': {'id': '1465741477875576835', 'name': 'Brazilian Independence Day'}}]",2804949532,Guilherme Fiuza,GFiuza_Oficial,2014-10-04 13:20:53,,,,False,False,https://pbs.twimg.com/profile_images/1590076321253666816/uTIRir1n_normal.jpg,"{'followers_count': 1856400, 'following_count': 1117, 'tweet_count': 12828, 'listed_count': 1954}",,,,,,,,
19,"@RenzoGracieBJJ Mestre, algu√©m tem que avisar urgente ao William Bonner. Ele vai ter um choque",1599243631407218688,2022-12-04 03:26:08,"{'retweet_count': 280, 'reply_count': 37, 'like_count': 1783, 'quote_count': 4}",60211263.0,1596474243461660673,pt,"[{'domain': {'id': '10', 'name': 'Person', 'description': 'Named people in the world like Nelson Mandela'}, 'entity': {'id': '809838930447060992', 'name': 'William Bonner', 'description': 'William Bonner'}}, {'domain': {'id': '58', 'name': 'Entertainment Personality', 'description': 'An entertainment personality in the world, like Anderson Cooper or Miranda Sings'}, 'entity': {'id': '809838930447060992', 'name': 'William Bonner', 'description': 'William Bonner'}}, {'domain': {'id': '131', 'name': 'Unified Twitter Taxonomy', 'description': 'A taxonomy of user interests. '}, 'entity': {'id': '809838930447060992', 'name': 'William Bonner', 'description': 'William Bonner'}}, {'domain': {'id': '131', 'name': 'Unified Twitter Taxonomy', 'description': 'A taxonomy of user interests. '}, 'entity': {'id': '1095352268046495745', 'name': 'Celebrities', 'description': 'Celebrities'}}]",2804949532,Guilherme Fiuza,GFiuza_Oficial,2014-10-04 13:20:53,,,,False,False,https://pbs.twimg.com/profile_images/1590076321253666816/uTIRir1n_normal.jpg,"{'followers_count': 1856400, 'following_count': 1117, 'tweet_count': 12828, 'listed_count': 1954}",,,,,,,,
20,Minha an√°lise da semana no Jornal da Jovem Pan: https://t.co/Lx4ombCbtM via @YouTube,1599201586286190592,2022-12-04 00:39:04,"{'retweet_count': 190, 'reply_count': 60, 'like_count': 2469, 'quote_count': 3}",,1599201586286190592,pt,"[{'domain': {'id': '10', 'name': 'Person', 'description': 'Named people in the world like Nelson Mandela'}, 'entity': {'id': '1145826630587170816', 'name': 'Alexandre Garcia'}}, {'domain': {'id': '94', 'name': 'Journalist', 'description': ""A journalist like 'Anderson Cooper'""}, 'entity': {'id': '1145826630587170816', 'name': 'Alexandre Garcia'}}, {'domain': {'id': '131', 'name': 'Unified Twitter Taxonomy', 'description': 'A taxonomy of user interests. '}, 'entity': {'id': '1046545033657081857', 'name': 'News', 'description': 'News'}}, {'domain': {'id': '131', 'name': 'Unified Twitter Taxonomy', 'description': 'A taxonomy of user interests. '}, 'entity': {'id': '1074755369530880001', 'name': 'Journalists', 'description': 'Journalism'}}, {'domain': {'id': '131', 'name': 'Unified Twitter Taxonomy', 'description': 'A taxonomy of user interests. '}, 'entity': {'id': '1145826630587170816', 'name': 'Alexandre Garcia'}}, {'domain': {'id': '66', 'name': 'Interests and Hobbies Category', 'description': 'A grouping of interests and hobbies entities, like Novelty Food or Destinations'}, 'entity': {'id': '847527324043968512', 'name': 'Talk radio', 'description': 'Talk radio'}}, {'domain': {'id': '90', 'name': 'Radio Station', 'description': 'A radio station like Z-100'}, 'entity': {'id': '864928674297937920', 'name': 'Radio Jovem Pan', 'description': 'Radio Jovem Pan'}}, {'domain': {'id': '131', 'name': 'Unified Twitter Taxonomy', 'description': 'A taxonomy of user interests. '}, 'entity': {'id': '864928674297937920', 'name': 'Radio Jovem Pan', 'description': 'Radio Jovem Pan'}}, {'domain': {'id': '131', 'name': 'Unified Twitter Taxonomy', 'description': 'A taxonomy of user interests. '}, 'entity': {'id': '1074758954444513282', 'name': 'Podcasts & radio', 'description': 'Podcasts'}}, {'domain': {'id': '131', 'name': 'Unified Twitter Taxonomy', 'description': 'A taxonomy of user interests. '}, 'entity': {'id': '1490751882737819649', 'name': 'Radio stations'}}]",727130698021261313,Alexandre Garcia,alexandregarcia,2016-05-02 13:40:42,"Jornalista. Comentarista no Canal Rural, na JPNews, em 38 jornais e 300 r√°dios. Instagram 1,9M; Youtuber com mais de 2,4M.","{'url': {'urls': [{'start': 0, 'end': 23, 'url': 'https://t.co/Ua056GSJZk', 'expanded_url': 'http://youtube.com/AlexandreGarciaOficial', 'display_url': 'youtube.com/AlexandreGarci‚Ä¶'}]}}",,False,True,https://pbs.twimg.com/profile_images/1108157136016719872/ZPYGgWD9_normal.png,"{'followers_count': 4018177, 'following_count': 521, 'tweet_count': 6781, 'listed_count': 2777}",,,,,,,,
21,@silvionavarro Com a ajuda da CNN.,1599158312683327489,2022-12-03 21:47:07,"{'retweet_count': 662, 'reply_count': 158, 'like_count': 11586, 'quote_count': 14}",55366770.0,1599157499307110401,pt,"[{'domain': {'id': '46', 'name': 'Business Taxonomy', 'description': 'Categories within Brand Verticals that narrow down the scope of Brands'}, 'entity': {'id': '1557697121477832705', 'name': 'Publisher & News Business', 'description': 'Brands, companies, advertisers and every non-person handle with the profit intent related to  marketing and advertiser agencies, publishers of magazines, newspapers, blogs, books'}}, {'domain': {'id': '45', 'name': 'Brand Vertical', 'description': 'Top level entities that describe a Brands industry'}, 'entity': {'id': '781974597310615553', 'name': 'Entertainment'}}, {'domain': {'id': '30', 'name': 'Entities [Entity Service]', 'description': 'Entity Service top level domain, every item that is in Entity Service should be in this domain'}, 'entity': {'id': '781974597105094656', 'name': 'TV/Movies Related - Entertainment'}}, {'domain': {'id': '47', 'name': 'Brand', 'description': 'Brands and Companies'}, 'entity': {'id': '10040667043', 'name': 'CNN'}}, {'domain': {'id': '131', 'name': 'Unified Twitter Taxonomy', 'description': 'A taxonomy of user interests. '}, 'entity': {'id': '10040667043', 'name': 'CNN'}}, {'domain': {'id': '131', 'name': 'Unified Twitter Taxonomy', 'description': 'A taxonomy of user interests. '}, 'entity': {'id': '1046545033657081857', 'name': 'News', 'description': 'News'}}, {'domain': {'id': '131', 'name': 'Unified Twitter Taxonomy', 'description': 'A taxonomy of user interests. '}, 'entity': {'id': '1196447117297905665', 'name': 'News outlets'}}]",84076180,Ana Paula Henkel,AnaPaulaVolei,2009-10-21 13:05:27,"Brazilianüáßüá∑.Former Pro-volleyball. 4 Olympics, Olympic Medalist. Americanüá∫üá∏. IntArchitect/Poli Sci/UCLA. Sports & Politics Columnist. Revista Oeste.",,"Los Angeles, CA",False,True,https://pbs.twimg.com/profile_images/1593106467925544965/Y1M9Igwv_normal.jpg,"{'followers_count': 1917302, 'following_count': 814, 'tweet_count': 57493, 'listed_count': 1865}",,,,,,,,
22,@jeffs_araujo35 A mais linda de todas.üå∑ https://t.co/C42qkpiukY,1599158053244325888,2022-12-03 21:46:05,"{'retweet_count': 63, 'reply_count': 114, 'like_count': 3162, 'quote_count': 5}",1351595492.0,1599132618036895744,pt,[],84076180,Ana Paula Henkel,AnaPaulaVolei,2009-10-21 13:05:27,"Brazilianüáßüá∑.Former Pro-volleyball. 4 Olympics, Olympic Medalist. Americanüá∫üá∏. IntArchitect/Poli Sci/UCLA. Sports & Politics Columnist. Revista Oeste.",,"Los Angeles, CA",False,True,https://pbs.twimg.com/profile_images/1593106467925544965/Y1M9Igwv_normal.jpg,"{'followers_count': 1917302, 'following_count': 814, 'tweet_count': 57493, 'listed_count': 1865}",3_1599158044213903360,,,2048.0,1196.0,,,
23,"A abertura dos ‚ÄúArquivos do Twitter‚Äù √© hist√≥rica. Elon Musk exp√µe o aconteceu nas elei√ß√µes americanas em 2020:conluio Big Tech + Imprensa,a m√°fia da mentira e do cancelamento, e como agiram para interferir nas elei√ß√µes. Musk j√° fez pela liberdade o que poucos na hist√≥ria fizeram. https://t.co/IUcureElhv",1599101511044562945,2022-12-03 18:01:24,"{'retweet_count': 6523, 'reply_count': 537, 'like_count': 30270, 'quote_count': 112}",,1599101511044562945,pt,"[{'domain': {'id': '46', 'name': 'Business Taxonomy', 'description': 'Categories within Brand Verticals that narrow down the scope of Brands'}, 'entity': {'id': '1557696848252391426', 'name': 'Financial Services Business', 'description': 'Brands, companies, advertisers and every non-person handle with the profit intent related to Banks, Credit cards, Insurance, Investments, Stocks '}}, {'domain': {'id': '46', 'name': 'Business Taxonomy', 'description': 'Categories within Brand Verticals that narrow down the scope of Brands'}, 'entity': {'id': '1557697333571112960', 'name': 'Technology Business', 'description': 'Brands, companies, advertisers and every non-person handle with the profit intent related to softwares, apps, communication equipments, hardwares'}}, {'domain': {'id': '69', 'name': 'News Vertical', 'description': 'News Categories like Entertainment or Technology'}, 'entity': {'id': '1046545033657081857', 'name': 'News', 'description': 'News'}}, {'domain': {'id': '69', 'name': 'News Vertical', 'description': 'News Categories like Entertainment or Technology'}, 'entity': {'id': '1585285924069335040', 'name': 'Business & finance news'}}, {'domain': {'id': '131', 'name': 'Unified Twitter Taxonomy', 'description': 'A taxonomy of user interests. '}, 'entity': {'id': '781974596148793345', 'name': 'Business & finance'}}, {'domain': {'id': '131', 'name': 'Unified Twitter Taxonomy', 'description': 'A taxonomy of user interests. '}, 'entity': {'id': '840160819388141570', 'name': 'Tech news', 'description': 'Tech News'}}, {'domain': {'id': '131', 'name': 'Unified Twitter Taxonomy', 'description': 'A taxonomy of user interests. '}, 'entity': {'id': '840161214890106880', 'name': 'Business news', 'description': 'Business & Finance News'}}, {'domain': {'id': '131', 'name': 'Unified Twitter Taxonomy', 'description': 'A taxonomy of user interests. '}, 'entity': {'id': '848920371311001600', 'name': 'Technology', 'description': 'Technology and computing'}}, {'domain': {'id': '131', 'name': 'Unified Twitter Taxonomy', 'description': 'A taxonomy of user interests. '}, 'entity': {'id': '1046545033657081857', 'name': 'News', 'description': 'News'}}, {'domain': {'id': '131', 'name': 'Unified Twitter Taxonomy', 'description': 'A taxonomy of user interests. '}, 'entity': {'id': '1585285924069335040', 'name': 'Business & finance news'}}, {'domain': {'id': '10', 'name': 'Person', 'description': 'Named people in the world like Nelson Mandela'}, 'entity': {'id': '808713037230157824', 'name': 'Elon Musk', 'description': 'Elon Musk'}}, {'domain': {'id': '30', 'name': 'Entities [Entity Service]', 'description': 'Entity Service top level domain, every item that is in Entity Service should be in this domain'}, 'entity': {'id': '781974596752842752', 'name': 'Services'}}, {'domain': {'id': '47', 'name': 'Brand', 'description': 'Brands and Companies'}, 'entity': {'id': '10045225402', 'name': 'Twitter'}}, {'domain': {'id': '65', 'name': 'Interests and Hobbies Vertical', 'description': 'Top level interests and hobbies groupings, like Food or Travel'}, 'entity': {'id': '781974596148793345', 'name': 'Business & finance'}}, {'domain': {'id': '66', 'name': 'Interests and Hobbies Category', 'description': 'A grouping of interests and hobbies entities, like Novelty Food or Destinations'}, 'entity': {'id': '857878777191211008', 'name': 'Leadership', 'description': 'Leadership'}}, {'domain': {'id': '131', 'name': 'Unified Twitter Taxonomy', 'description': 'A taxonomy of user interests. '}, 'entity': {'id': '808713037230157824', 'name': 'Elon Musk', 'description': 'Elon Musk'}}, {'domain': {'id': '131', 'name': 'Unified Twitter Taxonomy', 'description': 'A taxonomy of user interests. '}, 'entity': {'id': '1091420346660470784', 'name': 'Tech personalities', 'description': 'Tech Professionals'}}, {'domain': {'id': '131', 'name': 'Unified Twitter Taxonomy', 'description': 'A taxonomy of user interests. '}, 'entity': {'id': '1166406108623163392', 'name': 'Business personalities'}}]",84076180,Ana Paula Henkel,AnaPaulaVolei,2009-10-21 13:05:27,"Brazilianüáßüá∑.Former Pro-volleyball. 4 Olympics, Olympic Medalist. Americanüá∫üá∏. IntArchitect/Poli Sci/UCLA. Sports & Politics Columnist. Revista Oeste.",,"Los Angeles, CA",False,True,https://pbs.twimg.com/profile_images/1593106467925544965/Y1M9Igwv_normal.jpg,"{'followers_count': 1917302, 'following_count': 814, 'tweet_count': 57493, 'listed_count': 1865}",,,,,,,,
24,"Ningu√©m sabe o que Lula pretende fazer, nem como seria seu minist√©rio. Mas j√° sabemos com quais artistas Janja gostaria de ornamentar a posse do marid√£o https://t.co/l8knrN0bsd",1599098552101150721,2022-12-03 17:49:39,"{'retweet_count': 1722, 'reply_count': 1040, 'like_count': 17693, 'quote_count': 84}",,1599098552101150721,pt,"[{'domain': {'id': '10', 'name': 'Person', 'description': 'Named people in the world like Nelson Mandela'}, 'entity': {'id': '862070591737675776', 'name': 'Luiz In√°cio ""Lula"" da Silva', 'description': 'Brazilian 35th president.'}}, {'domain': {'id': '10', 'name': 'Person', 'description': 'Named people in the world like Nelson Mandela'}, 'entity': {'id': '1192483791543009281', 'name': 'Augusto Nunes'}}, {'domain': {'id': '10', 'name': 'Person', 'description': 'Named people in the world like Nelson Mandela'}, 'entity': {'id': '1527418022989729794', 'name': 'Janja Lula da Silva'}}, {'domain': {'id': '29', 'name': 'Events [Entity Service]', 'description': 'Real world events. '}, 'entity': {'id': '1411038381841084418', 'name': 'Brazil General Elections 2022', 'description': 'Brazil General Elections 2022 (presidential, gubernatorial, VPS)'}}, {'domain': {'id': '35', 'name': 'Politician', 'description': 'Politicians in the world, like Joe Biden'}, 'entity': {'id': '862070591737675776', 'name': 'Luiz In√°cio ""Lula"" da Silva', 'description': 'Brazilian 35th president.'}}, {'domain': {'id': '38', 'name': 'Political Race', 'description': ''}, 'entity': {'id': '1411038381841084418', 'name': 'Brazil General Elections 2022', 'description': 'Brazil General Elections 2022 (presidential, gubernatorial, VPS)'}}, {'domain': {'id': '94', 'name': 'Journalist', 'description': ""A journalist like 'Anderson Cooper'""}, 'entity': {'id': '1192483791543009281', 'name': 'Augusto Nunes'}}, {'domain': {'id': '131', 'name': 'Unified Twitter Taxonomy', 'description': 'A taxonomy of user interests. '}, 'entity': {'id': '847878884917886977', 'name': 'Politics', 'description': 'Politics'}}, {'domain': {'id': '131', 'name': 'Unified Twitter Taxonomy', 'description': 'A taxonomy of user interests. '}, 'entity': {'id': '862070591737675776', 'name': 'Luiz In√°cio ""Lula"" da Silva', 'description': 'Brazilian 35th president.'}}, {'domain': {'id': '131', 'name': 'Unified Twitter Taxonomy', 'description': 'A taxonomy of user interests. '}, 'entity': {'id': '1070032753834438656', 'name': 'Political figures', 'description': 'Politician'}}, {'domain': {'id': '131', 'name': 'Unified Twitter Taxonomy', 'description': 'A taxonomy of user interests. '}, 'entity': {'id': '1074755369530880001', 'name': 'Journalists', 'description': 'Journalism'}}, {'domain': {'id': '131', 'name': 'Unified Twitter Taxonomy', 'description': 'A taxonomy of user interests. '}, 'entity': {'id': '1192483791543009281', 'name': 'Augusto Nunes'}}, {'domain': {'id': '131', 'name': 'Unified Twitter Taxonomy', 'description': 'A taxonomy of user interests. '}, 'entity': {'id': '1411038381841084418', 'name': 'Brazil General Elections 2022', 'description': 'Brazil General Elections 2022 (presidential, gubernatorial, VPS)'}}, {'domain': {'id': '131', 'name': 'Unified Twitter Taxonomy', 'description': 'A taxonomy of user interests. '}, 'entity': {'id': '1455305940291375106', 'name': 'Brazil politics'}}, {'domain': {'id': '131', 'name': 'Unified Twitter Taxonomy', 'description': 'A taxonomy of user interests. '}, 'entity': {'id': '1488973753274929152', 'name': 'Political events'}}, {'domain': {'id': '131', 'name': 'Unified Twitter Taxonomy', 'description': 'A taxonomy of user interests. '}, 'entity': {'id': '1518653237720625152', 'name': 'Brazil political figures'}}, {'domain': {'id': '131', 'name': 'Unified Twitter Taxonomy', 'description': 'A taxonomy of user interests. '}, 'entity': {'id': '1518940800985427968', 'name': 'Brazil political events'}}]",50452226,Augusto Nunes,augustosnunes,2009-06-24 21:47:36,Colunista e comentarista da Revista Oeste e um dos integrantes do programa 4 por 4,"{'url': {'urls': [{'start': 0, 'end': 23, 'url': 'https://t.co/haxOc4I1s8', 'expanded_url': 'https://revistaoeste.com/colunista/augusto-nunes/', 'display_url': 'revistaoeste.com/colunista/augu‚Ä¶'}]}}",Brazil,False,True,https://pbs.twimg.com/profile_images/1198371675441684481/fppz1j3p_normal.jpg,"{'followers_count': 2221524, 'following_count': 766, 'tweet_count': 25427, 'listed_count': 2834}",,,,,,,,
25,"Liberdade n√£o se ganha, se toma 
https://t.co/gdRaDE2Byn https://t.co/QMlmz1Ho56",1599064800130015233,2022-12-03 15:35:32,"{'retweet_count': 7025, 'reply_count': 917, 'like_count': 32384, 'quote_count': 215}",,1599064800130015233,pt,[],2804949532,Guilherme Fiuza,GFiuza_Oficial,2014-10-04 13:20:53,,,,False,False,https://pbs.twimg.com/profile_images/1590076321253666816/uTIRir1n_normal.jpg,"{'followers_count': 1856400, 'following_count': 1117, 'tweet_count': 12828, 'listed_count': 1954}",7_1599064667149803520,,85285.0,720.0,1280.0,https://pbs.twimg.com/ext_tw_video_thumb/1599064667149803520/pu/img/IgD0AfcXDf63CsJw.jpg,,273120.0
26,@BrazXavier12 Mostraremos todos os dias.,1598806283947487232,2022-12-02 22:28:17,"{'retweet_count': 2, 'reply_count': 11, 'like_count': 99, 'quote_count': 0}",1.433839434999505e+18,1598805512807514112,es,[],84076180,Ana Paula Henkel,AnaPaulaVolei,2009-10-21 13:05:27,"Brazilianüáßüá∑.Former Pro-volleyball. 4 Olympics, Olympic Medalist. Americanüá∫üá∏. IntArchitect/Poli Sci/UCLA. Sports & Politics Columnist. Revista Oeste.",,"Los Angeles, CA",False,True,https://pbs.twimg.com/profile_images/1593106467925544965/Y1M9Igwv_normal.jpg,"{'followers_count': 1917302, 'following_count': 814, 'tweet_count': 57493, 'listed_count': 1865}",,,,,,,,
27,"Estamos ao vivo com o Desembargador Sebasti√£o Coelho, que ontem na Comiss√£o do Senado reafirmou a defesa da pris√£o de Alexandre de Moraes e hoje virou alvo da Associa√ß√£o dos Magistrados. 
https://t.co/E9FULRiAf8",1598805512807514112,2022-12-02 22:25:13,"{'retweet_count': 1934, 'reply_count': 409, 'like_count': 14947, 'quote_count': 44}",,1598805512807514112,pt,"[{'domain': {'id': '10', 'name': 'Person', 'description': 'Named people in the world like Nelson Mandela'}, 'entity': {'id': '912313483902857216', 'name': 'Alexandre de Moraes', 'description': 'Alexandre de Moraes'}}, {'domain': {'id': '35', 'name': 'Politician', 'description': 'Politicians in the world, like Joe Biden'}, 'entity': {'id': '912313483902857216', 'name': 'Alexandre de Moraes', 'description': 'Alexandre de Moraes'}}, {'domain': {'id': '131', 'name': 'Unified Twitter Taxonomy', 'description': 'A taxonomy of user interests. '}, 'entity': {'id': '847878884917886977', 'name': 'Politics', 'description': 'Politics'}}, {'domain': {'id': '131', 'name': 'Unified Twitter Taxonomy', 'description': 'A taxonomy of user interests. '}, 'entity': {'id': '912313483902857216', 'name': 'Alexandre de Moraes', 'description': 'Alexandre de Moraes'}}, {'domain': {'id': '131', 'name': 'Unified Twitter Taxonomy', 'description': 'A taxonomy of user interests. '}, 'entity': {'id': '1070032753834438656', 'name': 'Political figures', 'description': 'Politician'}}, {'domain': {'id': '131', 'name': 'Unified Twitter Taxonomy', 'description': 'A taxonomy of user interests. '}, 'entity': {'id': '1455305940291375106', 'name': 'Brazil politics'}}, {'domain': {'id': '131', 'name': 'Unified Twitter Taxonomy', 'description': 'A taxonomy of user interests. '}, 'entity': {'id': '1518653237720625152', 'name': 'Brazil political figures'}}]",84076180,Ana Paula Henkel,AnaPaulaVolei,2009-10-21 13:05:27,"Brazilianüáßüá∑.Former Pro-volleyball. 4 Olympics, Olympic Medalist. Americanüá∫üá∏. IntArchitect/Poli Sci/UCLA. Sports & Politics Columnist. Revista Oeste.",,"Los Angeles, CA",False,True,https://pbs.twimg.com/profile_images/1593106467925544965/Y1M9Igwv_normal.jpg,"{'followers_count': 1917302, 'following_count': 814, 'tweet_count': 57493, 'listed_count': 1865}",,,,,,,,
28,@Flavio_Quintela ü´†,1598660040449146880,2022-12-02 12:47:09,"{'retweet_count': 19, 'reply_count': 13, 'like_count': 569, 'quote_count': 0}",48993470.0,1598659366017814530,und,[],84076180,Ana Paula Henkel,AnaPaulaVolei,2009-10-21 13:05:27,"Brazilianüáßüá∑.Former Pro-volleyball. 4 Olympics, Olympic Medalist. Americanüá∫üá∏. IntArchitect/Poli Sci/UCLA. Sports & Politics Columnist. Revista Oeste.",,"Los Angeles, CA",False,True,https://pbs.twimg.com/profile_images/1593106467925544965/Y1M9Igwv_normal.jpg,"{'followers_count': 1917302, 'following_count': 814, 'tweet_count': 57493, 'listed_count': 1865}",,,,,,,,
29,Estamos ao vivo https://t.co/dwM4Sefnut,1598460989573369859,2022-12-01 23:36:12,"{'retweet_count': 298, 'reply_count': 84, 'like_count': 2560, 'quote_count': 6}",,1598460989573369859,pt,[],2804949532,Guilherme Fiuza,GFiuza_Oficial,2014-10-04 13:20:53,,,,False,False,https://pbs.twimg.com/profile_images/1590076321253666816/uTIRir1n_normal.jpg,"{'followers_count': 1856400, 'following_count': 1117, 'tweet_count': 12828, 'listed_count': 1954}",,,,,,,,
30,"A imprensa falida est√° crente que a arma√ß√£o deu certo, mas a sess√£o de quase 12 horas no Senado sobre o esc√¢ndalo eleitoral est√° chegando a 2,5 milh√µes de visualiza√ß√µes. Ou seja: o povo j√° entendeu a tramoia. 

Vou falar hoje dessa sess√£o hist√≥rica - aqui: https://t.co/dwM4SefVk1 https://t.co/gGLWmBS80G",1598406632962404355,2022-12-01 20:00:12,"{'retweet_count': 13138, 'reply_count': 1488, 'like_count': 49359, 'quote_count': 309}",,1598406632962404355,pt,[],2804949532,Guilherme Fiuza,GFiuza_Oficial,2014-10-04 13:20:53,,,,False,False,https://pbs.twimg.com/profile_images/1590076321253666816/uTIRir1n_normal.jpg,"{'followers_count': 1856400, 'following_count': 1117, 'tweet_count': 12828, 'listed_count': 1954}",7_1598406565576540183,,66316.0,480.0,854.0,https://pbs.twimg.com/ext_tw_video_thumb/1598406565576540183/pu/img/P0_3SSbOTKM5Zm5r.jpg,,274425.0
31,"@revistaoeste Seja muito bem-vinda, @cristinagraeml !üòç Que maravilha voc√™ com a gente!!üå∑",1598359694921211904,2022-12-01 16:53:42,"{'retweet_count': 452, 'reply_count': 144, 'like_count': 9884, 'quote_count': 10}",1.2229398963499704e+18,1598355276608016384,pt,[],84076180,Ana Paula Henkel,AnaPaulaVolei,2009-10-21 13:05:27,"Brazilianüáßüá∑.Former Pro-volleyball. 4 Olympics, Olympic Medalist. Americanüá∫üá∏. IntArchitect/Poli Sci/UCLA. Sports & Politics Columnist. Revista Oeste.",,"Los Angeles, CA",False,True,https://pbs.twimg.com/profile_images/1593106467925544965/Y1M9Igwv_normal.jpg,"{'followers_count': 1917302, 'following_count': 814, 'tweet_count': 57493, 'listed_count': 1865}",,,,,,,,
32,"Mostraremos todos os dias o que a velha imprensa tenta esconder - o povo, de maneira ordeira e pac√≠fica, nas ruas de todo o Brasil em defesa da nossa Constitui√ß√£o e nossas institui√ß√µes.

Voc√™s podem deixar os v√≠deos aqui nos coment√°rios que encaminharei para a nossa produ√ß√£o.‚ù§Ô∏èüáßüá∑ https://t.co/vpW9K5FXwc",1598094777307656192,2022-11-30 23:21:00,"{'retweet_count': 10424, 'reply_count': 3350, 'like_count': 49126, 'quote_count': 263}",,1598094777307656192,pt,[],84076180,Ana Paula Henkel,AnaPaulaVolei,2009-10-21 13:05:27,"Brazilianüáßüá∑.Former Pro-volleyball. 4 Olympics, Olympic Medalist. Americanüá∫üá∏. IntArchitect/Poli Sci/UCLA. Sports & Politics Columnist. Revista Oeste.",,"Los Angeles, CA",False,True,https://pbs.twimg.com/profile_images/1593106467925544965/Y1M9Igwv_normal.jpg,"{'followers_count': 1917302, 'following_count': 814, 'tweet_count': 57493, 'listed_count': 1865}",7_1598094436574982145,,69536.0,720.0,1280.0,https://pbs.twimg.com/ext_tw_video_thumb/1598094436574982145/pu/img/uTuhAdez2_q0oNlC.jpg,,280291.0
33,"Ela emocionou o Brasil hoje com duras verdades na comiss√£o do Senado: ""Estou pedindo o mesmo direito que a justi√ßa deu a um traficante e a um corrupto"".
Daqui a pouco, entrevistaremos a querida B√°rbara, do canal Te Atualizei, no ""Sem Filtro"" - @taoquei1 

https://t.co/8zW9UvLFM8",1598068462647013376,2022-11-30 21:36:26,"{'retweet_count': 3702, 'reply_count': 372, 'like_count': 23465, 'quote_count': 54}",,1598068462647013376,pt,"[{'domain': {'id': '88', 'name': 'Political Body', 'description': 'A section of a government, like The Supreme Court'}, 'entity': {'id': '922865766688473089', 'name': 'Brazil Senate', 'description': 'Brazil Senate'}}, {'domain': {'id': '131', 'name': 'Unified Twitter Taxonomy', 'description': 'A taxonomy of user interests. '}, 'entity': {'id': '847878884917886977', 'name': 'Politics', 'description': 'Politics'}}, {'domain': {'id': '131', 'name': 'Unified Twitter Taxonomy', 'description': 'A taxonomy of user interests. '}, 'entity': {'id': '900740740468191232', 'name': 'Political issues', 'description': 'Political issues'}}, {'domain': {'id': '131', 'name': 'Unified Twitter Taxonomy', 'description': 'A taxonomy of user interests. '}, 'entity': {'id': '922865766688473089', 'name': 'Brazil Senate', 'description': 'Brazil Senate'}}, {'domain': {'id': '131', 'name': 'Unified Twitter Taxonomy', 'description': 'A taxonomy of user interests. '}, 'entity': {'id': '955547826368344064', 'name': 'Violence & safety in Brazil', 'description': 'Conversation about Violence and Safety in Brazil inside the political world.'}}, {'domain': {'id': '131', 'name': 'Unified Twitter Taxonomy', 'description': 'A taxonomy of user interests. '}, 'entity': {'id': '978698162712952832', 'name': 'Political Corruption Worldwide', 'description': 'Conversation about corruption inside the political world.'}}, {'domain': {'id': '131', 'name': 'Unified Twitter Taxonomy', 'description': 'A taxonomy of user interests. '}, 'entity': {'id': '1068583660914266113', 'name': 'Government institutions', 'description': 'Political Body'}}, {'domain': {'id': '131', 'name': 'Unified Twitter Taxonomy', 'description': 'A taxonomy of user interests. '}, 'entity': {'id': '1455305940291375106', 'name': 'Brazil politics'}}]",84076180,Ana Paula Henkel,AnaPaulaVolei,2009-10-21 13:05:27,"Brazilianüáßüá∑.Former Pro-volleyball. 4 Olympics, Olympic Medalist. Americanüá∫üá∏. IntArchitect/Poli Sci/UCLA. Sports & Politics Columnist. Revista Oeste.",,"Los Angeles, CA",False,True,https://pbs.twimg.com/profile_images/1593106467925544965/Y1M9Igwv_normal.jpg,"{'followers_count': 1917302, 'following_count': 814, 'tweet_count': 57493, 'listed_count': 1865}",,,,,,,,
34,"O mais decisivo jogo do Brasil √© aqui dentro mesmo, n√£o √© no Catar.",1598020694256017410,2022-11-30 18:26:37,"{'retweet_count': 10126, 'reply_count': 4910, 'like_count': 61425, 'quote_count': 492}",,1598020694256017410,pt,"[{'domain': {'id': '6', 'name': 'Sports Event'}, 'entity': {'id': '1275806388367720450', 'name': '2022 FIFA World Cup'}}, {'domain': {'id': '10', 'name': 'Person', 'description': 'Named people in the world like Nelson Mandela'}, 'entity': {'id': '1145826630587170816', 'name': 'Alexandre Garcia'}}, {'domain': {'id': '11', 'name': 'Sport', 'description': 'Types of sports, like soccer and basketball'}, 'entity': {'id': '733756536430809088', 'name': 'Soccer'}}, {'domain': {'id': '12', 'name': 'Sports Team', 'description': 'A sports team organization, like Arsenal and the Boston Celtics'}, 'entity': {'id': '731226216192081920', 'name': 'Brazil'}}, {'domain': {'id': '26', 'name': 'Sports League', 'description': ''}, 'entity': {'id': '1275806388367720450', 'name': '2022 FIFA World Cup'}}, {'domain': {'id': '26', 'name': 'Sports League', 'description': ''}, 'entity': {'id': '1304474187961044993', 'name': ""FIFA Men's World Cup""}}, {'domain': {'id': '29', 'name': 'Events [Entity Service]', 'description': 'Real world events. '}, 'entity': {'id': '1275806388367720450', 'name': '2022 FIFA World Cup'}}, {'domain': {'id': '40', 'name': 'Sports Series', 'description': 'A grouping of sports events or series, for example 2014 pre-season, a tournament, or round'}, 'entity': {'id': '1275806388367720450', 'name': '2022 FIFA World Cup'}}, {'domain': {'id': '46', 'name': 'Business Taxonomy', 'description': 'Categories within Brand Verticals that narrow down the scope of Brands'}, 'entity': {'id': '1557697289971322880', 'name': 'Sports & Fitness Business', 'description': 'Brands, companies, advertisers and every non-person handle with the profit intent related to sports nutrition, athletic apparel, sports apps, fitness venues'}}, {'domain': {'id': '94', 'name': 'Journalist', 'description': ""A journalist like 'Anderson Cooper'""}, 'entity': {'id': '1145826630587170816', 'name': 'Alexandre Garcia'}}, {'domain': {'id': '131', 'name': 'Unified Twitter Taxonomy', 'description': 'A taxonomy of user interests. '}, 'entity': {'id': '731226216192081920', 'name': 'Brazil'}}, {'domain': {'id': '131', 'name': 'Unified Twitter Taxonomy', 'description': 'A taxonomy of user interests. '}, 'entity': {'id': '733756536430809088', 'name': 'Soccer'}}, {'domain': {'id': '131', 'name': 'Unified Twitter Taxonomy', 'description': 'A taxonomy of user interests. '}, 'entity': {'id': '847900493514891265', 'name': 'Sports', 'description': 'Sports'}}, {'domain': {'id': '131', 'name': 'Unified Twitter Taxonomy', 'description': 'A taxonomy of user interests. '}, 'entity': {'id': '1046545033657081857', 'name': 'News', 'description': 'News'}}, {'domain': {'id': '131', 'name': 'Unified Twitter Taxonomy', 'description': 'A taxonomy of user interests. '}, 'entity': {'id': '1074755369530880001', 'name': 'Journalists', 'description': 'Journalism'}}, {'domain': {'id': '131', 'name': 'Unified Twitter Taxonomy', 'description': 'A taxonomy of user interests. '}, 'entity': {'id': '1100397500890996736', 'name': ""Men's national soccer teams"", 'description': 'National Soccer Teams'}}, {'domain': {'id': '131', 'name': 'Unified Twitter Taxonomy', 'description': 'A taxonomy of user interests. '}, 'entity': {'id': '1145826630587170816', 'name': 'Alexandre Garcia'}}, {'domain': {'id': '131', 'name': 'Unified Twitter Taxonomy', 'description': 'A taxonomy of user interests. '}, 'entity': {'id': '1286401121641103360', 'name': 'Sports events'}}, {'domain': {'id': '131', 'name': 'Unified Twitter Taxonomy', 'description': 'A taxonomy of user interests. '}, 'entity': {'id': '1304474187961044993', 'name': ""FIFA Men's World Cup""}}, {'domain': {'id': '131', 'name': 'Unified Twitter Taxonomy', 'description': 'A taxonomy of user interests. '}, 'entity': {'id': '1436053202835689485', 'name': 'Events'}}]",727130698021261313,Alexandre Garcia,alexandregarcia,2016-05-02 13:40:42,"Jornalista. Comentarista no Canal Rural, na JPNews, em 38 jornais e 300 r√°dios. Instagram 1,9M; Youtuber com mais de 2,4M.","{'url': {'urls': [{'start': 0, 'end': 23, 'url': 'https://t.co/Ua056GSJZk', 'expanded_url': 'http://youtube.com/AlexandreGarciaOficial', 'display_url': 'youtube.com/AlexandreGarci‚Ä¶'}]}}",,False,True,https://pbs.twimg.com/profile_images/1108157136016719872/ZPYGgWD9_normal.png,"{'followers_count': 4018177, 'following_count': 521, 'tweet_count': 6781, 'listed_count': 2777}",,,,,,,,
35,"Desembargador Sebasti√£o Coelho: homem da lei c/honra e coragem p/ dizer o que precisa ser dito na imperativa defesa de nossa Constitui√ß√£o. Bravo, desembargador Sebasti√£o Coelho! O Brasil, de verdade, √© feito de homens e mulheres como o senhor! E eles est√£o nas ruas pelo Brasil.üáßüá∑ https://t.co/vdKqACHpsV",1598012922613358592,2022-11-30 17:55:45,"{'retweet_count': 15828, 'reply_count': 1694, 'like_count': 71445, 'quote_count': 713}",,1598012922613358592,pt,[],84076180,Ana Paula Henkel,AnaPaulaVolei,2009-10-21 13:05:27,"Brazilianüáßüá∑.Former Pro-volleyball. 4 Olympics, Olympic Medalist. Americanüá∫üá∏. IntArchitect/Poli Sci/UCLA. Sports & Politics Columnist. Revista Oeste.",,"Los Angeles, CA",False,True,https://pbs.twimg.com/profile_images/1593106467925544965/Y1M9Igwv_normal.jpg,"{'followers_count': 1917302, 'following_count': 814, 'tweet_count': 57493, 'listed_count': 1865}",7_1598012743663030272,,140000.0,720.0,1280.0,https://pbs.twimg.com/ext_tw_video_thumb/1598012743663030272/pu/img/PL2AXYBocs3VOr2v.jpg,,456950.0
36,"Um pa√≠s que solta bandidos e persegue cidad√£os para tentar jog√°-los na pris√£o pelo ‚Äúcrime de opini√£o‚Äù. Um pa√≠s que tem em sua corte suprema os assassinos das leis e que coroa a impunidade. Um pa√≠s que tem pol√≠ticos omissos e jornalistas que pedem censura.

Parab√©ns, @taoquei1!üå∑ https://t.co/bqPoVeh0yK",1597988081239367682,2022-11-30 16:17:02,"{'retweet_count': 12971, 'reply_count': 1217, 'like_count': 55327, 'quote_count': 530}",,1597988081239367682,pt,"[{'domain': {'id': '131', 'name': 'Unified Twitter Taxonomy', 'description': 'A taxonomy of user interests. '}, 'entity': {'id': '847878884917886977', 'name': 'Politics', 'description': 'Politics'}}, {'domain': {'id': '131', 'name': 'Unified Twitter Taxonomy', 'description': 'A taxonomy of user interests. '}, 'entity': {'id': '900740740468191232', 'name': 'Political issues', 'description': 'Political issues'}}, {'domain': {'id': '131', 'name': 'Unified Twitter Taxonomy', 'description': 'A taxonomy of user interests. '}, 'entity': {'id': '955547826368344064', 'name': 'Violence & safety in Brazil', 'description': 'Conversation about Violence and Safety in Brazil inside the political world.'}}]",84076180,Ana Paula Henkel,AnaPaulaVolei,2009-10-21 13:05:27,"Brazilianüáßüá∑.Former Pro-volleyball. 4 Olympics, Olympic Medalist. Americanüá∫üá∏. IntArchitect/Poli Sci/UCLA. Sports & Politics Columnist. Revista Oeste.",,"Los Angeles, CA",False,True,https://pbs.twimg.com/profile_images/1593106467925544965/Y1M9Igwv_normal.jpg,"{'followers_count': 1917302, 'following_count': 814, 'tweet_count': 57493, 'listed_count': 1865}",7_1597987831414038533,,105000.0,540.0,960.0,https://pbs.twimg.com/ext_tw_video_thumb/1597987831414038533/pu/img/kNlowOflgeTqhGfA.jpg,,238607.0
37,Oeste n√£o vai se render √† censura do Google https://t.co/AIMbXLSGTq,1597954878525276161,2022-11-30 14:05:06,"{'retweet_count': 1180, 'reply_count': 288, 'like_count': 9759, 'quote_count': 36}",,1597954878525276161,pt,"[{'domain': {'id': '10', 'name': 'Person', 'description': 'Named people in the world like Nelson Mandela'}, 'entity': {'id': '1192483791543009281', 'name': 'Augusto Nunes'}}, {'domain': {'id': '30', 'name': 'Entities [Entity Service]', 'description': 'Entity Service top level domain, every item that is in Entity Service should be in this domain'}, 'entity': {'id': '781974596752842752', 'name': 'Services'}}, {'domain': {'id': '47', 'name': 'Brand', 'description': 'Brands and Companies'}, 'entity': {'id': '10026378521', 'name': 'Google '}}, {'domain': {'id': '48', 'name': 'Product', 'description': 'Products created by Brands.  Examples: Ford Explorer, Apple iPhone.'}, 'entity': {'id': '1395474411180892160', 'name': 'Google brand conversation'}}, {'domain': {'id': '94', 'name': 'Journalist', 'description': ""A journalist like 'Anderson Cooper'""}, 'entity': {'id': '1192483791543009281', 'name': 'Augusto Nunes'}}, {'domain': {'id': '131', 'name': 'Unified Twitter Taxonomy', 'description': 'A taxonomy of user interests. '}, 'entity': {'id': '1074755369530880001', 'name': 'Journalists', 'description': 'Journalism'}}, {'domain': {'id': '131', 'name': 'Unified Twitter Taxonomy', 'description': 'A taxonomy of user interests. '}, 'entity': {'id': '1192483791543009281', 'name': 'Augusto Nunes'}}]",50452226,Augusto Nunes,augustosnunes,2009-06-24 21:47:36,Colunista e comentarista da Revista Oeste e um dos integrantes do programa 4 por 4,"{'url': {'urls': [{'start': 0, 'end': 23, 'url': 'https://t.co/haxOc4I1s8', 'expanded_url': 'https://revistaoeste.com/colunista/augusto-nunes/', 'display_url': 'revistaoeste.com/colunista/augu‚Ä¶'}]}}",Brazil,False,True,https://pbs.twimg.com/profile_images/1198371675441684481/fppz1j3p_normal.jpg,"{'followers_count': 2221524, 'following_count': 766, 'tweet_count': 25427, 'listed_count': 2834}",,,,,,,,
